-- phpMyAdmin SQL Dump
-- version 5.2.0
-- https://www.phpmyadmin.net/
--
-- Host: 127.0.0.1
-- Generation Time: Jun 23, 2025 at 06:48 AM
-- Server version: 10.4.27-MariaDB
-- PHP Version: 8.0.25

SET SQL_MODE = "NO_AUTO_VALUE_ON_ZERO";
START TRANSACTION;
SET time_zone = "+00:00";


/*!40101 SET @OLD_CHARACTER_SET_CLIENT=@@CHARACTER_SET_CLIENT */;
/*!40101 SET @OLD_CHARACTER_SET_RESULTS=@@CHARACTER_SET_RESULTS */;
/*!40101 SET @OLD_COLLATION_CONNECTION=@@COLLATION_CONNECTION */;
/*!40101 SET NAMES utf8mb4 */;

--
-- Database: `db_sppjfc`
--

-- --------------------------------------------------------

--
-- Table structure for table `basis_aturan`
--

CREATE TABLE `basis_aturan` (
  `idaturan` int(255) NOT NULL,
  `idpenyakit` int(255) NOT NULL
) ENGINE=InnoDB DEFAULT CHARSET=utf8mb4 COLLATE=utf8mb4_general_ci;

--
-- Dumping data for table `basis_aturan`
--

INSERT INTO `basis_aturan` (`idaturan`, `idpenyakit`) VALUES
(42, 26),
(43, 27),
(44, 28),
(45, 29),
(46, 30);

-- --------------------------------------------------------

--
-- Table structure for table `detail_basis_aturan`
--

CREATE TABLE `detail_basis_aturan` (
  `idaturan` int(11) NOT NULL,
  `idgejala` int(11) NOT NULL
) ENGINE=InnoDB DEFAULT CHARSET=utf8mb4 COLLATE=utf8mb4_general_ci;

--
-- Dumping data for table `detail_basis_aturan`
--

INSERT INTO `detail_basis_aturan` (`idaturan`, `idgejala`) VALUES
(12, 21),
(12, 29),
(12, 13),
(24, 17),
(24, 12),
(24, 19),
(24, 14),
(25, 29),
(25, 13),
(25, 10),
(26, 22),
(26, 16),
(27, 13),
(27, 10),
(27, 28),
(30, 18),
(30, 26),
(30, 22),
(30, 25),
(31, 19),
(31, 14),
(31, 29),
(31, 13),
(32, 18),
(32, 22),
(32, 23),
(31, 31),
(31, 21),
(41, 44),
(41, 45),
(41, 52),
(42, 58),
(42, 59),
(42, 63),
(42, 62),
(42, 56),
(42, 55),
(42, 54),
(42, 61),
(42, 60),
(43, 58),
(43, 57),
(43, 59),
(43, 63),
(43, 62),
(43, 55),
(43, 54),
(43, 61),
(43, 60),
(44, 67),
(44, 68),
(44, 69),
(44, 66),
(44, 59),
(44, 71),
(44, 62),
(44, 70),
(44, 61),
(44, 64),
(44, 65),
(45, 66),
(45, 73),
(45, 72),
(45, 59),
(45, 70),
(45, 61),
(46, 68),
(46, 76),
(46, 75),
(46, 58),
(46, 59),
(46, 62),
(46, 61),
(46, 74);

-- --------------------------------------------------------

--
-- Table structure for table `detail_konsultasi`
--

CREATE TABLE `detail_konsultasi` (
  `idkonsultasi` int(11) NOT NULL,
  `idgejala` int(11) NOT NULL
) ENGINE=InnoDB DEFAULT CHARSET=utf8mb4 COLLATE=utf8mb4_general_ci;

--
-- Dumping data for table `detail_konsultasi`
--

INSERT INTO `detail_konsultasi` (`idkonsultasi`, `idgejala`) VALUES
(4, 27),
(4, 17),
(5, 27),
(6, 17),
(6, 33),
(7, 10),
(7, 28),
(8, 23),
(9, 10),
(10, 19),
(10, 14),
(10, 29),
(10, 13),
(10, 31),
(11, 19),
(11, 14),
(11, 21),
(11, 29),
(11, 13),
(11, 31),
(12, 44),
(12, 45),
(12, 43),
(12, 42),
(12, 38),
(12, 39),
(13, 37),
(13, 42),
(13, 36),
(13, 35),
(13, 41),
(13, 40),
(13, 38),
(14, 44),
(14, 45),
(14, 43),
(14, 37),
(14, 42),
(14, 51),
(14, 36),
(14, 41),
(15, 44),
(15, 45),
(15, 43),
(15, 42),
(15, 36),
(15, 41),
(15, 40),
(16, 44),
(16, 37),
(16, 42),
(16, 36),
(16, 41),
(16, 40),
(16, 38),
(17, 44),
(17, 45),
(17, 46),
(17, 37),
(17, 38),
(17, 39),
(18, 67),
(18, 68),
(18, 69),
(18, 76),
(18, 72),
(18, 75),
(18, 58),
(19, 75),
(19, 58),
(19, 71),
(19, 62),
(19, 70),
(19, 64),
(19, 60),
(20, 58),
(20, 57),
(20, 59),
(20, 62),
(20, 56),
(20, 55),
(21, 58),
(21, 57),
(21, 71),
(21, 63),
(21, 62),
(21, 60),
(22, 76),
(22, 66),
(22, 73),
(22, 72),
(22, 75),
(23, 67),
(23, 68),
(23, 69),
(24, 67),
(25, 67),
(26, 76),
(27, 57),
(27, 59),
(27, 71),
(27, 63),
(27, 62),
(27, 64),
(27, 60),
(27, 65),
(28, 76),
(28, 66),
(28, 73),
(28, 59),
(28, 71),
(28, 62),
(28, 64),
(28, 60),
(29, 58),
(29, 57),
(29, 59),
(29, 71),
(29, 61),
(29, 64),
(30, 67),
(30, 68),
(30, 69),
(31, 66),
(31, 73),
(32, 68),
(32, 69),
(32, 76),
(33, 67),
(33, 68),
(34, 67),
(34, 68),
(34, 69),
(35, 67),
(35, 68),
(36, 67),
(36, 68),
(37, 67),
(37, 68),
(38, 69),
(38, 76),
(38, 63),
(38, 62),
(38, 56),
(38, 70),
(38, 61),
(38, 74),
(39, 75),
(39, 58),
(39, 57),
(39, 59),
(39, 71),
(39, 56),
(40, 76),
(40, 66),
(40, 72),
(41, 57),
(41, 59),
(41, 71),
(41, 56),
(41, 55),
(41, 54),
(42, 68),
(42, 69),
(42, 76),
(42, 72),
(42, 75),
(42, 58),
(43, 66),
(43, 73),
(43, 72),
(43, 57),
(43, 59),
(43, 56),
(44, 68),
(44, 66),
(44, 75),
(44, 58),
(44, 57),
(44, 55),
(44, 54),
(44, 61),
(45, 67),
(45, 68),
(45, 66),
(46, 67),
(46, 58),
(46, 59),
(46, 63),
(46, 56),
(46, 55),
(46, 54),
(47, 66),
(47, 75),
(47, 58),
(47, 59),
(47, 71),
(47, 62),
(48, 67),
(48, 76),
(48, 71),
(48, 62),
(48, 55),
(48, 70),
(49, 67),
(49, 68),
(49, 69),
(49, 75),
(49, 58),
(49, 60),
(50, 68),
(50, 76),
(50, 75),
(50, 58),
(50, 60),
(50, 74),
(51, 67),
(51, 73),
(51, 59),
(51, 62),
(52, 75),
(52, 57),
(52, 71),
(52, 63),
(52, 56),
(52, 55),
(52, 60),
(52, 69),
(52, 76),
(52, 72),
(52, 75),
(52, 71),
(53, 69),
(53, 73),
(53, 71),
(53, 70),
(53, 61),
(53, 64),
(53, 67),
(53, 68),
(53, 59),
(53, 71),
(53, 63),
(53, 75),
(53, 58),
(53, 57),
(53, 71),
(53, 63),
(52, 72),
(52, 75),
(52, 58),
(52, 59),
(52, 71),
(54, 69),
(54, 76),
(54, 66),
(54, 58),
(54, 57),
(54, 59),
(54, 60),
(55, 76),
(55, 66),
(55, 73),
(55, 71),
(55, 63),
(55, 62),
(56, 57),
(56, 59),
(56, 71),
(56, 62),
(56, 56),
(56, 70),
(57, 68),
(57, 69),
(57, 76),
(57, 72),
(57, 75),
(57, 60),
(58, 67),
(58, 58),
(58, 63),
(58, 55),
(58, 64),
(58, 60),
(59, 76),
(59, 66),
(59, 73),
(59, 71),
(59, 63),
(59, 56),
(60, 76),
(60, 66),
(60, 73),
(60, 58),
(60, 57),
(60, 59),
(60, 60),
(60, 65),
(61, 58),
(61, 56),
(61, 55),
(61, 54),
(61, 60),
(62, 57),
(62, 62),
(62, 55),
(62, 54),
(62, 64),
(62, 60),
(63, 68),
(63, 66),
(63, 71),
(63, 64),
(63, 65),
(64, 75),
(64, 58),
(64, 59),
(64, 74),
(65, 76),
(65, 66),
(65, 73),
(65, 75),
(65, 57),
(65, 59),
(66, 67),
(66, 73),
(66, 72),
(66, 58),
(66, 63),
(66, 62),
(66, 56),
(66, 70),
(66, 61),
(66, 64),
(66, 65),
(67, 73),
(67, 72),
(67, 55),
(67, 70),
(67, 61),
(67, 64),
(67, 60),
(68, 68),
(68, 75),
(68, 62),
(68, 56),
(69, 76),
(69, 63),
(70, 68),
(70, 76),
(70, 72),
(70, 75),
(70, 58),
(71, 67),
(71, 69),
(71, 66),
(71, 73),
(71, 72),
(71, 58),
(71, 59),
(71, 71),
(71, 70),
(71, 61),
(71, 65),
(72, 76),
(72, 73),
(72, 58),
(72, 57),
(73, 69),
(73, 66),
(73, 75),
(73, 58),
(73, 57),
(73, 55),
(74, 68),
(74, 69),
(74, 76),
(74, 73),
(74, 72),
(75, 76),
(75, 66),
(75, 72),
(75, 75),
(75, 63),
(75, 62),
(75, 56),
(75, 55),
(76, 69),
(76, 76),
(76, 66),
(76, 73),
(76, 75),
(76, 58),
(76, 57),
(76, 56),
(76, 55),
(76, 54),
(77, 57),
(77, 59),
(77, 71),
(77, 55),
(77, 54),
(77, 70),
(77, 64),
(77, 60),
(77, 65),
(78, 58),
(78, 57),
(78, 59),
(78, 71),
(78, 63),
(78, 62),
(78, 56),
(78, 61),
(78, 64),
(78, 60),
(79, 67),
(79, 68),
(80, 58),
(80, 56),
(80, 55),
(80, 54),
(80, 60),
(81, 58),
(81, 63),
(81, 56),
(81, 55),
(81, 54),
(81, 60),
(82, 58),
(82, 59),
(82, 63),
(82, 56),
(82, 55),
(82, 54),
(82, 61),
(82, 64),
(82, 60),
(83, 57),
(83, 71),
(83, 63),
(83, 54),
(84, 57),
(84, 63),
(84, 62),
(84, 55),
(84, 64),
(84, 60),
(85, 66),
(85, 59),
(85, 64),
(85, 60),
(85, 65),
(86, 67),
(86, 66),
(86, 73),
(86, 71),
(86, 54),
(86, 64),
(86, 60),
(86, 65),
(87, 68),
(87, 66),
(87, 71),
(87, 64),
(87, 60),
(87, 65),
(88, 68),
(88, 66),
(88, 59),
(88, 71),
(88, 64),
(88, 60),
(88, 65),
(89, 58),
(89, 62),
(89, 74),
(90, 59),
(90, 74),
(91, 73),
(91, 72),
(91, 59),
(91, 71),
(91, 62),
(92, 68),
(92, 76),
(92, 66),
(92, 73),
(92, 72),
(92, 57),
(93, 59),
(93, 63),
(93, 61),
(93, 64),
(94, 67),
(95, 68),
(95, 66),
(95, 57),
(95, 71),
(95, 63),
(95, 64),
(95, 60),
(95, 65),
(96, 68),
(96, 66),
(96, 71),
(96, 62),
(96, 64),
(96, 60),
(96, 65),
(97, 66),
(97, 71),
(97, 63),
(97, 54),
(97, 61),
(97, 64),
(97, 60),
(97, 65),
(98, 59),
(98, 63),
(98, 56),
(98, 55),
(98, 54),
(98, 60),
(99, 66),
(99, 58),
(99, 63),
(99, 62),
(99, 56),
(99, 54),
(99, 70),
(99, 60),
(99, 65),
(100, 58),
(100, 57),
(100, 71),
(100, 63),
(100, 54),
(101, 62),
(101, 55),
(101, 54),
(101, 70),
(102, 73),
(102, 72),
(102, 58),
(102, 57),
(102, 62),
(102, 54),
(102, 60),
(103, 68),
(103, 73),
(103, 58),
(103, 71),
(103, 63),
(103, 62),
(103, 64),
(103, 60),
(103, 65),
(104, 58),
(104, 71),
(104, 62),
(104, 56),
(104, 55),
(104, 54),
(104, 60),
(105, 58),
(105, 71),
(105, 63),
(105, 56),
(105, 55),
(105, 54),
(105, 64),
(105, 60),
(106, 67),
(106, 76),
(106, 75),
(106, 59),
(106, 62),
(106, 56),
(106, 55),
(106, 60),
(106, 65),
(107, 66),
(107, 63),
(107, 62),
(107, 56),
(107, 54);

-- --------------------------------------------------------

--
-- Table structure for table `detail_penyakit`
--

CREATE TABLE `detail_penyakit` (
  `idkonsultasi` int(11) NOT NULL,
  `idpenyakit` int(11) NOT NULL,
  `persentase` tinyint(255) NOT NULL
) ENGINE=InnoDB DEFAULT CHARSET=utf8mb4 COLLATE=utf8mb4_general_ci;

--
-- Dumping data for table `detail_penyakit`
--

INSERT INTO `detail_penyakit` (`idkonsultasi`, `idpenyakit`, `persentase`) VALUES
(7, 12, 67),
(7, 15, 33),
(8, 14, 33),
(9, 12, 33),
(9, 15, 33),
(10, 12, 33),
(10, 13, 83),
(10, 15, 67),
(11, 12, 33),
(11, 13, 100),
(11, 15, 67),
(12, 17, 29),
(12, 18, 100),
(12, 19, 25),
(12, 20, 25),
(12, 21, 25),
(13, 17, 100),
(13, 18, 33),
(13, 19, 75),
(13, 20, 75),
(13, 21, 25),
(14, 17, 57),
(14, 18, 67),
(14, 19, 50),
(14, 20, 25),
(14, 21, 38),
(15, 17, 57),
(15, 18, 67),
(15, 19, 50),
(15, 20, 50),
(15, 21, 25),
(16, 17, 86),
(16, 18, 50),
(16, 19, 75),
(16, 20, 75),
(16, 21, 25),
(17, 17, 29),
(17, 18, 67),
(17, 19, 38),
(17, 20, 25),
(17, 21, 13),
(18, 26, 11),
(18, 27, 11),
(18, 28, 27),
(18, 29, 17),
(18, 30, 50),
(19, 26, 33),
(19, 27, 33),
(19, 28, 36),
(19, 29, 17),
(19, 30, 38),
(20, 26, 56),
(20, 27, 56),
(20, 28, 18),
(20, 29, 17),
(20, 30, 38),
(21, 26, 44),
(21, 27, 56),
(21, 28, 18),
(21, 30, 25),
(22, 28, 9),
(22, 29, 50),
(22, 30, 25),
(23, 28, 27),
(23, 30, 13),
(24, 28, 9),
(25, 28, 9),
(26, 30, 13),
(27, 26, 44),
(27, 27, 56),
(27, 28, 45),
(27, 29, 17),
(27, 30, 25),
(28, 26, 33),
(28, 27, 33),
(28, 28, 45),
(28, 29, 50),
(28, 30, 38),
(29, 26, 33),
(29, 27, 44),
(29, 28, 36),
(29, 29, 33),
(29, 30, 38),
(30, 28, 27),
(30, 30, 13),
(31, 28, 9),
(31, 29, 33),
(32, 28, 18),
(32, 30, 25),
(33, 28, 18),
(33, 30, 13),
(34, 28, 27),
(34, 30, 13),
(35, 28, 18),
(35, 30, 13),
(36, 28, 18),
(36, 30, 13),
(37, 28, 18),
(37, 30, 13),
(38, 26, 44),
(38, 27, 33),
(38, 28, 36),
(38, 29, 33),
(38, 30, 50),
(39, 26, 33),
(39, 27, 33),
(39, 28, 18),
(39, 29, 17),
(39, 30, 38),
(40, 28, 9),
(40, 29, 33),
(40, 30, 13),
(41, 26, 44),
(41, 27, 44),
(41, 28, 18),
(41, 29, 17),
(41, 30, 13),
(42, 26, 11),
(42, 27, 11),
(42, 28, 18),
(42, 29, 17),
(42, 30, 50),
(43, 26, 22),
(43, 27, 22),
(43, 28, 18),
(43, 29, 67),
(43, 30, 13),
(44, 26, 44),
(44, 27, 56),
(44, 28, 27),
(44, 29, 33),
(44, 30, 50),
(45, 28, 27),
(45, 29, 17),
(45, 30, 13),
(46, 26, 67),
(46, 27, 56),
(46, 28, 18),
(46, 29, 17),
(46, 30, 25),
(47, 26, 33),
(47, 27, 33),
(47, 28, 36),
(47, 29, 33),
(47, 30, 50),
(48, 26, 22),
(48, 27, 22),
(48, 28, 36),
(48, 29, 17),
(48, 30, 25),
(49, 26, 22),
(49, 27, 22),
(49, 28, 27),
(49, 30, 38),
(50, 26, 22),
(50, 27, 22),
(50, 28, 9),
(50, 30, 63),
(51, 26, 22),
(51, 27, 22),
(51, 28, 27),
(51, 29, 33),
(51, 30, 25),
(52, 26, 44),
(52, 27, 44),
(52, 28, 9),
(52, 30, 13),
(52, 26, 44),
(52, 27, 44),
(52, 28, 18),
(52, 29, 17),
(52, 30, 25),
(53, 26, 11),
(53, 27, 11),
(53, 28, 45),
(53, 29, 50),
(53, 30, 13),
(53, 26, 33),
(53, 27, 33),
(53, 28, 73),
(53, 29, 67),
(53, 30, 38),
(53, 26, 44),
(53, 27, 56),
(53, 28, 73),
(53, 29, 67),
(53, 30, 63),
(52, 26, 67),
(52, 27, 67),
(52, 28, 27),
(52, 29, 33),
(52, 30, 50),
(54, 26, 33),
(54, 27, 44),
(54, 28, 27),
(54, 29, 33),
(54, 30, 38),
(55, 26, 22),
(55, 27, 22),
(55, 28, 27),
(55, 29, 33),
(55, 30, 25),
(56, 26, 33),
(56, 27, 33),
(56, 28, 36),
(56, 29, 33),
(56, 30, 25),
(57, 26, 11),
(57, 27, 11),
(57, 28, 18),
(57, 29, 17),
(57, 30, 38),
(58, 26, 44),
(58, 27, 44),
(58, 28, 18),
(58, 30, 13),
(59, 26, 22),
(59, 27, 11),
(59, 28, 18),
(59, 29, 33),
(59, 30, 13),
(60, 26, 33),
(60, 27, 44),
(60, 28, 27),
(60, 29, 50),
(60, 30, 38),
(61, 26, 56),
(61, 27, 44),
(61, 30, 13),
(62, 26, 44),
(62, 27, 56),
(62, 28, 18),
(62, 30, 13),
(63, 28, 45),
(63, 29, 17),
(63, 30, 13),
(64, 26, 22),
(64, 27, 22),
(64, 28, 9),
(64, 29, 17),
(64, 30, 50),
(65, 26, 11),
(65, 27, 22),
(65, 28, 18),
(65, 29, 50),
(65, 30, 38),
(66, 26, 56),
(66, 27, 44),
(66, 28, 55),
(66, 29, 67),
(66, 30, 38),
(67, 26, 33),
(67, 27, 33),
(67, 28, 27),
(67, 29, 67),
(67, 30, 13),
(68, 26, 22),
(68, 27, 11),
(68, 28, 18),
(68, 30, 38),
(69, 26, 11),
(69, 27, 11),
(69, 30, 13),
(70, 26, 11),
(70, 27, 11),
(70, 28, 9),
(70, 29, 17),
(70, 30, 50),
(71, 26, 33),
(71, 27, 33),
(71, 28, 73),
(71, 29, 100),
(71, 30, 38),
(72, 26, 11),
(72, 27, 22),
(72, 29, 17),
(72, 30, 25),
(73, 26, 22),
(73, 27, 33),
(73, 28, 18),
(73, 29, 17),
(73, 30, 25),
(74, 28, 18),
(74, 29, 33),
(74, 30, 25),
(75, 26, 44),
(75, 27, 33),
(75, 28, 18),
(75, 29, 33),
(75, 30, 38),
(76, 26, 44),
(76, 27, 44),
(76, 28, 18),
(76, 29, 33),
(76, 30, 38),
(77, 26, 44),
(77, 27, 56),
(77, 28, 45),
(77, 29, 33),
(77, 30, 13),
(78, 26, 78),
(78, 27, 78),
(78, 28, 45),
(78, 29, 33),
(78, 30, 50),
(79, 28, 18),
(79, 30, 13),
(80, 26, 56),
(80, 27, 44),
(80, 30, 13),
(81, 26, 67),
(81, 27, 56),
(81, 30, 13),
(82, 26, 89),
(82, 27, 78),
(82, 28, 27),
(82, 29, 33),
(82, 30, 38),
(83, 26, 22),
(83, 27, 33),
(83, 28, 9),
(84, 26, 44),
(84, 27, 56),
(84, 28, 18),
(84, 30, 13),
(85, 26, 22),
(85, 27, 22),
(85, 28, 36),
(85, 29, 33),
(85, 30, 13),
(86, 26, 22),
(86, 27, 22),
(86, 28, 45),
(86, 29, 33),
(87, 26, 11),
(87, 27, 11),
(87, 28, 45),
(87, 29, 17),
(87, 30, 13),
(88, 26, 22),
(88, 27, 22),
(88, 28, 55),
(88, 29, 33),
(88, 30, 25),
(89, 26, 22),
(89, 27, 22),
(89, 28, 9),
(89, 30, 38),
(90, 26, 11),
(90, 27, 11),
(90, 28, 9),
(90, 29, 17),
(90, 30, 25),
(91, 26, 22),
(91, 27, 22),
(91, 28, 27),
(91, 29, 50),
(91, 30, 25),
(92, 27, 11),
(92, 28, 18),
(92, 29, 50),
(92, 30, 25),
(93, 26, 33),
(93, 27, 33),
(93, 28, 27),
(93, 29, 33),
(93, 30, 25),
(94, 28, 9),
(95, 26, 22),
(95, 27, 33),
(95, 28, 45),
(95, 29, 17),
(95, 30, 13),
(96, 26, 22),
(96, 27, 22),
(96, 28, 55),
(96, 29, 17),
(96, 30, 25),
(97, 26, 44),
(97, 27, 44),
(97, 28, 45),
(97, 29, 33),
(97, 30, 13),
(98, 26, 67),
(98, 27, 56),
(98, 28, 9),
(98, 29, 17),
(98, 30, 13),
(99, 26, 67),
(99, 27, 56),
(99, 28, 36),
(99, 29, 33),
(99, 30, 25),
(100, 26, 33),
(100, 27, 44),
(100, 28, 9),
(100, 30, 13),
(101, 26, 33),
(101, 27, 33),
(101, 28, 18),
(101, 29, 17),
(101, 30, 13),
(102, 26, 44),
(102, 27, 56),
(102, 28, 9),
(102, 29, 33),
(102, 30, 25),
(103, 26, 44),
(103, 27, 44),
(103, 28, 45),
(103, 29, 17),
(103, 30, 38),
(104, 26, 67),
(104, 27, 56),
(104, 28, 18),
(104, 30, 25),
(105, 26, 67),
(105, 27, 56),
(105, 28, 18),
(105, 30, 13),
(106, 26, 56),
(106, 27, 44),
(106, 28, 36),
(106, 29, 17),
(106, 30, 50),
(107, 26, 44),
(107, 27, 33),
(107, 28, 18),
(107, 29, 17),
(107, 30, 13);

-- --------------------------------------------------------

--
-- Table structure for table `gejala`
--

CREATE TABLE `gejala` (
  `idgejala` int(255) NOT NULL,
  `kodegejala` varchar(30) NOT NULL,
  `nmgejala` varchar(200) NOT NULL
) ENGINE=InnoDB DEFAULT CHARSET=utf8mb4 COLLATE=utf8mb4_general_ci;

--
-- Dumping data for table `gejala`
--

INSERT INTO `gejala` (`idgejala`, `kodegejala`, `nmgejala`) VALUES
(54, 'G001', 'Nyeri dada dirasakan tiba-tiba dan dirasakan seperti ditekan, sesak, maupun terasa berat, seperti dicekik, diikat kuat, terbakar.'),
(55, 'G002', 'Nyeri dada dirasakan menjalar ke leher, bahu kiri, lengan kiri, punggung, rahang.'),
(56, 'G003', 'Nyeri dada berlangsung beberapa menit atau lebih dari 20 menit. Muncul saat istirahat maupun aktivitas.'),
(57, 'G004', 'Lama nyeri dada atau rasa tidak nyaman tidak lebih dari 10 menit, diperberat dengan peningkatan aktivitas, jalan menanjak, udara dingin. Cepat hilang dalam hitungan menit jika istirahat.'),
(58, 'G005', 'Keringat dingin'),
(59, 'G006', 'Lemah mendadak'),
(60, 'G007', 'Sesak nafas yang sulit dijelaskan.'),
(61, 'G008', 'Pusing/terasa ringan seperti mau jatuh, pingsan'),
(62, 'G009', 'Mual/muntah, nyeri ulu hati'),
(63, 'G010', 'Memiliki salah satu factor risiko (kencing manis, darah tinggi, kolesterol tinggi, stroke, penyakit jantung, obesitas, merokok, jarang olahraga, alcohol)'),
(64, 'G011', 'Sesak nafas saat tidur terlentang, terutama malam hari atau saat beraktifitas.'),
(65, 'G012', 'Tidur lebih nyaman bila menggunakan bantal yang tinggi (2 – 3 bantal).'),
(66, 'G013', 'Cepat lelah bila beraktifitas ringan (mandi, jalan >300 m, naik tangga).'),
(67, 'G014', 'Batuk-batuk tidak berdahak'),
(68, 'G015', 'Bengkak pada tungkai dan kaki, terutama dekat mata kaki'),
(69, 'G016', 'Berat badan bertambah ≥ 2 kg/minggu atau berat badan turun'),
(70, 'G017', 'Perut kembung/begah, cepat kenyang'),
(71, 'G018', 'Memiliki minimal salah satu riwayat penyakit: tekanan darah tinggi, diabetes melitus, penyakit jantung koroner, penyakit jantung bawaan'),
(72, 'G019', 'denyut jantung tidak teratur, Kadang denyut jantung nampak berhenti dan kemudian mulai berdenyut lagi. '),
(73, 'G020', 'denyut jantung tiba-tiba sangat cepat, teratur atau tidak teratur, kadang lebih cepat.'),
(74, 'G021', 'Warna kebiruan atau kehitaman di bibir, kulit, atau jari-jari kuku.'),
(75, 'G022', 'Kelelahan dan kesulitan nafas terutama ketika disusui.'),
(76, 'G023', 'Berat badan rendah dan tumbuh kembang terhambat.');

-- --------------------------------------------------------

--
-- Table structure for table `konsultasi`
--

CREATE TABLE `konsultasi` (
  `idkonsultasi` int(255) NOT NULL,
  `tanggal` date NOT NULL,
  `nama` varchar(50) NOT NULL,
  `umur` varchar(20) NOT NULL,
  `alamat` varchar(255) NOT NULL
) ENGINE=InnoDB DEFAULT CHARSET=utf8mb4 COLLATE=utf8mb4_general_ci;

--
-- Dumping data for table `konsultasi`
--

INSERT INTO `konsultasi` (`idkonsultasi`, `tanggal`, `nama`, `umur`, `alamat`) VALUES
(81, '2025-03-24', 'Ulf (samaran)', '51 Tahun', 'Kota Lamongan'),
(82, '2025-03-24', 'Sen (samaran)', '79 Tahun', 'Kota Lamongan'),
(83, '2025-03-24', 'Sit (samaran)', '67 tahun', 'Kota Lamongan'),
(84, '2025-03-24', 'Sur (samaran)', '66 Tahun', 'Kota Lamongan'),
(85, '2025-03-24', 'Sur (samaran)', '72 Tahun', 'Kota Lamongan'),
(86, '2025-03-24', 'Mi (samaran)', '58 Tahun', 'Kota Lamongan'),
(87, '2025-03-24', 'Sri (samaran)', '66 Tahun', 'Kota Lamongan'),
(88, '2025-03-24', 'Mar (samaran)', '61 Tahun', 'Kota Lamongan'),
(89, '2025-03-24', 'Kay', '0 tahun', 'Kota Lamongan'),
(90, '2025-03-24', 'Aru (samaran)', '1 tahun', 'Kota Lamongan'),
(91, '2025-03-25', 'Mr x', '48 Tahun', 'Kota Lamongan'),
(95, '2025-05-13', 'Sol (Nama samaran)', '74 Tahun', 'Lamongan Kota'),
(96, '2025-05-13', 'Sul (Nama samaran)', '77 tahun', 'lamongan kota'),
(97, '2025-05-13', 'Kho (Nama samaran)', '47 Tahun', 'Lamongan Kota'),
(98, '2025-05-14', 'Moh (Nama samaran)', '36 Tahun', 'Lamongan'),
(99, '2025-05-14', 'Kha (nama samaran)', '52 Tahun', 'Lamongan'),
(100, '2025-05-14', 'Mud (Nama samaran)', '51 Tahun', 'Lamongan'),
(101, '2025-05-14', 'Riz (Nama samaran)', '26 Tahun', 'lamongan'),
(102, '2025-05-14', 'Mas (Nama samaran)', '47 Tahun', 'Lamongan'),
(103, '2025-05-14', 'Ism (Nama samaran)', '52 Tahun', 'Lamongan'),
(104, '2025-05-14', 'Ind (nama samaran)', '61 Tahun', 'Lamongan'),
(105, '2025-05-14', 'Bam (nama samaran)', '66 Tahun', 'Lamongan'),
(106, '2025-06-21', 'Sakti Ramadhann (ujicoba lg)', '21 tahuun', 'Kediri'),
(107, '2025-06-23', 'Arinda (nyoba aja)', '19 th', 'Bojonegoro');

-- --------------------------------------------------------

--
-- Table structure for table `penyakit`
--

CREATE TABLE `penyakit` (
  `idpenyakit` int(255) NOT NULL,
  `kodepenyakit` varchar(30) NOT NULL,
  `nmpenyakit` varchar(50) NOT NULL,
  `keterangan` varchar(355) NOT NULL,
  `solusi` text NOT NULL
) ENGINE=InnoDB DEFAULT CHARSET=utf8mb4 COLLATE=utf8mb4_general_ci;

--
-- Dumping data for table `penyakit`
--

INSERT INTO `penyakit` (`idpenyakit`, `kodepenyakit`, `nmpenyakit`, `keterangan`, `solusi`) VALUES
(26, 'P001', 'Sindrom Koroner Akut', 'Kondisi yang terjadi akibat berkurangnya atau berhentinya aliran darah yang menuju ke jantung secara tiba-tiba. Arteri koroner berfungsi untuk membawa darah yang kaya oksigen ke otot jantung. Jika terjadi penyempitan atau penyumbatan pada arteri koroner, maka angina atau yang umum disebut sebagai serangan jantung, akan terjadi.', 'kurangi konsumsi daging berlemak jenuh tinggi, perbanyak makanan mengandung antioksidan tinggi (vitamin A, C, dan E) karena antioksidan mencegah lemak jenuh berubah menjadi kolesterol. Olahraga 3-5 kali seminggu minimal 30 menit, kelola stress, berhenti merokok(jika perokok aktif), tidur malam 7-8 jam. Jika kondisi semakin memburuk dan mengalami gejala: Nyeri dada parah yang terasa seperti ditindih benda berat, sesak napas, keringat dingin dan pingsan segera periksa ke IGD dan konsultasikan ke dokter, karena penyakit jantung akan lebih mudah ditangani jika terdeteksi lebih awal.'),
(27, 'P002', 'Angina Pektoris Stabil', 'Kondisi ketidaknyamanan pada dada. Angina Pektoris muncul akibat kurangnya pasokan oksigen ke jantung tanpa disertai kerusakan sel-sel jantung. Angina Pektoris Stabil merupakan jenis angina yang paling umum terjadi yang ditandai dengan nyeri dada atau ketidaknyamanan yang berkaitan dengan kelelahan akibat aktivitas fisik atau stres emosional. ', 'Kurangi konsumsi daging berlemak jenuh tinggi, perbanyak makanan mengandung antioksidan tinggi (vitamin A, C, dan E) karena antioksidan mencegah lemak jenuh berubah menjadi kolesterol., Olahraga 3-5 kali seminggu minimal 30 menit, kelola stress, berhenti merokok(jika perokok aktif), tidur malam 7-8 jam. Jika kondisi semakin memburuk dan mengalami gejala: Nyeri dada parah yang terasa seperti ditindih benda berat, sesak napas, keringat dingin dan pingsan segera periksa ke IGD dan konsultasikan ke dokter, karena penyakit jantung akan lebih mudah ditangani jika terdeteksi lebih awal.'),
(28, 'P003', 'Gagal Jantung', 'Merupakan kondisi jantung yang terlalu lemah untuk memompa darah ke seluruh tubuh. Bila berlangsung dalam jangka panjang, gagal jantung dapat memicu komplikasi serius yakni henti jantung, edena paru, gagal hati, dan gagal ginjal.', 'Kurangi konsumsi daging berlemak jenuh tinggi, perbanyak makanan mengandung antioksidan tinggi (vitamin A, C, dan E) karena antioksidan mencegah lemak jenuh berubah menjadi kolesterol. Olahraga 3-5 kali seminggu minimal 30 menit, kelola stress, berhenti merokok(jika perokok aktif), tidur malam 7-8 jam. Jika kondisi semakin memburuk dan mengalami gejala: sesak napas dan pingsan segera periksa ke IGD dan konsultasikan ke dokter, karena penyakit jantung akan lebih mudah ditangani jika terdeteksi lebih awal.'),
(29, 'P004', 'Aritmia', 'Merupakan gangguan irama jantung yang bisa jadi terlalu cepat, terlalu lambat, atau tidak beraturan. Aritmia terjadi ketika rangsangan listrik yang mengatur detak jantung terganggu, sehingga jantung tidak bekerja dengan baik. ', 'Pola makan yang benar dan sehat, Olahraga 3-5 kali seminggu minimal 30 menit, kelola stress, membatasi minuman berkafein, berhenti merokok(jika perokok aktif), tidur malam 7-8 jam, menjaga berat badan agar tetap ideal, jangan sembarangan mengonsumsi obat tanpa resep dokter, terutama obat batuk dan pilek yang mengandung stimulan memicu jantung berdetak lebih cepat. Jika kondisi semakin memburuk dan mengalami gejala: sesak napas dan pingsan segera periksa ke IGD dan konsultasikan ke dokter, karena penyakit jantung akan lebih mudah ditangani jika terdeteksi lebih awal.'),
(30, 'P005', 'Penyakit Jantung bawaan', 'merupakan kelainan bentuk jantung yang terjadi sejak lahir. Kelainan ini bisa terjadi pada dinding jantung, katup jantung, pembuluh darah di dekat jantung, atau kombinasi semua kelainan tersebut. Penyakit jantung bawaan terjadi akibat gangguan proses perkembangan jantung pada janin. ', 'Jika kondisi semakin memburuk dan mengalami gejala: sesak napas, keringat dingin, pingsan, dan kulit kebiruan pada bayi terutama ketika sedang menyusu segera periksa ke IGD dan konsultasikan ke dokter, karena penyakit jantung akan lebih mudah ditangani jika terdeteksi lebih awal.');

-- --------------------------------------------------------

--
-- Table structure for table `users`
--

CREATE TABLE `users` (
  `idusers` int(11) NOT NULL,
  `username` varchar(30) NOT NULL,
  `email` varchar(50) NOT NULL,
  `password` varchar(255) NOT NULL,
  `role` varchar(10) NOT NULL
) ENGINE=InnoDB DEFAULT CHARSET=utf8mb4 COLLATE=utf8mb4_general_ci;

--
-- Dumping data for table `users`
--

INSERT INTO `users` (`idusers`, `username`, `email`, `password`, `role`) VALUES
(3, 'Pasien', '', '75718d435054ae7dccdde86cb52165aa', 'Pasien'),
(4, 'Adminn', '', 'f277547b50da2cef8ba0a13826c7bf46', 'Admin'),
(6, 'Sikere', '', '8aaae16eeee24bd423c7dddd9875e958', 'Pasien'),
(8, 'Dian Ajeng', 'ajeng@gmail.com', '610140c2cd9d69b2742980fd0996311d', 'user'),
(9, 'Fahmiyati', 'fahmiyati@gmail.com', '16c2caf45e2b13e4486cc15b903d7529', 'Pasien'),
(10, 'Dimas', 'dimas@gmail.com', '209b246280ceb6bbd129d4801c9dfbed', 'Admin'),
(11, 'Reni Yati', 'reni@gmail.com', '3120a9aac3a1b43a21a55d6b0430185b', 'Pasien'),
(12, 'Indah Agung', 'indah@gmail.com', 'd80505244487dd4cb62ea1c420175c5b', 'Pasien'),
(13, 'rehmi', 'rehmi@gmail.com', '98fbf6e2099e49625ce55f5472113162', 'Pasien'),
(14, 'Ahmad', 'ahmad@gmail.com', 'ff55442bd58d2c08996e198c9c88d85b', 'Pasien'),
(15, 'Febri Ferdinan', 'febri@gmail.com', 'dacb1e74cda366462b750035e1e498ea', 'Pasien'),
(16, 'Assabil', 'assabil@gmail.com', 'f310e104936ed5cbbc04e6c56c748390', 'Admin'),
(18, 'Budiono', 'budiono@gmail.com', 'd1c1b8f385081060eee7af2b1e4e1ebb', 'Pasien'),
(19, 'Fahreza Dana', 'Fahreza@gmail.com', 'f9b734bc99dfb86d8b519085d1958c88', 'Pasien'),
(20, 'Redita Putri', 'redita@gmail.com', '0ade4b7faa0bd393fbd618215a1c0bfd', 'Pasien'),
(21, 'Sintya Marischa', 'sintya@gmail.com', '4ea91504ee67a5e1249ec71333398d83', 'Admin'),
(22, 'Hamdan Akbar Marzuqi', 'hamdan@gmail.com', '58e8711299fd4b87d2a1a1663c2401bc', 'Pasien'),
(23, 'Dewi Sandra', 'dewi@gmail.com', '52bbe5170b03e0345f20bb58fd817824', 'Pasien'),
(24, 'Rahmat', 'rahmat@gmail.com', '0c164aab96bae35e0e6529b8a7dd24c3', 'Pasien'),
(25, 'Rahajeng', 'rahajeng@gmail.com', '34157476e2a8fcf2de920583430c458d', 'Pasien'),
(26, 'Ulf (Samaran)', 'ulf@gmail.com', 'd2ffc057b03dbff23d31b40c892b1d0a', 'Pasien'),
(27, 'Aru', 'aru@gmail.com', '2afda54848bdb278bc65e4fa861c7209', 'Pasien'),
(28, 'Mahrunisa', 'fjhiahdadahd@gmaicom', '0192023a7bbd73250516f069df18b500', 'Pasien'),
(29, 'Mita ', 'mitapermasarimita72871@gmail.com', 'd29566fe754e7a303f028eb9873f00d6', 'Pasien'),
(30, 'Gatau kok tanya saya', 'gtw@gmail.com', '4cad82482ac8cd25cd03f44066fcf819', 'Pasien'),
(31, 'Windi Cahyaningrum', 'windicahyaningrum6@gmail.com', '5119c9da78bb898b59c5825af0a95028', 'Pasien'),
(32, 'Reyhan', 'Reyhan@gmail.com', '3121f6b81c0f985dc733c6ec44e7dab7', 'Pasien'),
(33, 'Reynhard', 'Reynhard@gmail', 'ba8190919484fb8e1c560fc7e960d589', 'Pasien'),
(34, 'Reynhard', 'Reynhard@gmail.com', '88f9f175a25eb1e8f120b3bbcea8078b', 'Pasien'),
(35, 'Reva', 'Reva@gmail.com', 'a024632215614232d360ad45ea49f811', 'Pasien'),
(36, 'Kontol', 'dimas@gmail.com', '202cb962ac59075b964b07152d234b70', 'Pasien'),
(37, 'arya', 'Arya@gmail.com', '7da0009953608fd1561f26e32f8bf986', 'Pasien'),
(38, 'Dinda Syarief', 'dinda@gmail.com', '350d9abfb3d9e5e9d7402b9985a3b2f6', 'Pasien'),
(39, 'rere', 'rere@gmail.com', 'ed9ad9399bbd3a959e78a54ddcd67a66', 'Pasien'),
(40, 'Ulf (samaran)', 'ulf@gmail.com', '80f6f14ba75ac56627e8c2ebbbf2ffc8', 'Pasien'),
(41, 'Sen (samaran)', 'sen@gmail.com', '15a2f4165026c76755c4297786cef2e8', 'Pasien'),
(42, 'Sit (samaran)', 'sit@gmail.com', '94ce6d18b475265338f3bf91110cb6ef', 'Pasien'),
(43, 'Agu (samaran)', 'agu@gmail.com', 'b0a7033cdb780ae111aa6fc97b76291d', 'Pasien'),
(44, 'Sur (samaran)', 'sur@gmail.com', 'f9488f7bfeb147376a20a5979ac2c859', 'Pasien'),
(45, 'Sur (samaran)', 'sur1@gmail.com', 'f9488f7bfeb147376a20a5979ac2c859', 'Pasien'),
(46, 'Mi (samaran)', 'mi@gmail.com', 'de6ad2cc436a8eccfdb43750fbe77a37', 'Pasien'),
(47, 'Sri (samaran)', 'sri@gmail.com', 'ec1c9c114ef05ccbe9adc4ce06e6b6b4', 'Pasien'),
(48, 'Mar (samaran)', 'mar@gmail.com', 'cc0758d5c0ef4f86f251553025afaf78', 'Pasien'),
(49, 'Kay (samaran)', 'kay@gmail.com', '1e80e611234236dcdc51bc44fa97e131', 'Pasien'),
(50, 'Aruu (samaran)', 'aruu@gmail.com', '2afda54848bdb278bc65e4fa861c7209', 'Pasien'),
(51, 'Mr x', 'mrx@gmail.com', '37b631f9e25ed140ea4bac54a4987d07', 'Pasien'),
(52, 'Raihan', 'raihan@gmail.com', 'a9233ca26522ef845ec2034c4e7d6414', 'Pasien'),
(53, 'Keke', 'Keikiyoko9@gmail.com', '52899e1a48f0cd3086fef3f6f2b91fbd', 'Pasien'),
(54, 'putra', 'anggi@gmail.com', '202cb962ac59075b964b07152d234b70', 'Pasien'),
(55, 'Sol', 'sol@gmail.com', '0e5fbb6c1f73bfd2ce3afecd1b2e39a7', 'Pasien'),
(56, 'Sul (Nama samaran)', 'sul@gmail.com', '22255e907689567396ce1816ced7a7a3', 'Pasien'),
(57, 'Kho (samaran)', 'kho@gmail.com', '8273f80a20259afc436e8bc766fc462d', 'Pasien'),
(58, 'Moh (Nama samaran)', 'moh@gmail.com', '2097e2545c3a465abe516e5ce52018f5', 'Pasien'),
(59, 'Kha (Samaran)', 'kha@gmail.com', 'aa16f6021507850cf4063203aad01757', 'Pasien'),
(60, 'Mud (Nama samaran)', 'mud@gmail.com', '3be35fb82ffb762976baa4e7303ee283', 'Pasien'),
(61, 'Riz (Nama samaran)', 'riz@gmail.com', 'dac831a5f5dedfd109d3bf5ee903785d', 'Pasien'),
(62, 'Mas (Nama samaran)', 'mas@gmail.com', '0e91446b52aab35b9955142fd4337727', 'Pasien'),
(63, 'Ism (Nama samaran)', 'ism@gmail.com', '72f77948b6b2826711aae5be69ee3e85', 'Pasien'),
(64, 'Ind (nama samaran)', 'ind@gmail.com', '5f17933e720b309a6cf620301efe7fe0', 'Pasien'),
(65, 'Bam (Nama samaran)', 'bam@gmail.com', '67ccfb804885ceb49e97c126a942975e', 'Pasien'),
(66, 'Sakti', 'sakti@gmail.com', '60710e387ad52705a5fb7183efa29874', 'Pasien'),
(67, 'Arinda', 'arinda@gmail.com', 'cd23048640e9c6fdf43beb669f03a661', 'Pasien');

--
-- Indexes for dumped tables
--

--
-- Indexes for table `basis_aturan`
--
ALTER TABLE `basis_aturan`
  ADD PRIMARY KEY (`idaturan`);

--
-- Indexes for table `gejala`
--
ALTER TABLE `gejala`
  ADD PRIMARY KEY (`idgejala`);

--
-- Indexes for table `konsultasi`
--
ALTER TABLE `konsultasi`
  ADD PRIMARY KEY (`idkonsultasi`);

--
-- Indexes for table `penyakit`
--
ALTER TABLE `penyakit`
  ADD PRIMARY KEY (`idpenyakit`);

--
-- Indexes for table `users`
--
ALTER TABLE `users`
  ADD PRIMARY KEY (`idusers`);

--
-- AUTO_INCREMENT for dumped tables
--

--
-- AUTO_INCREMENT for table `basis_aturan`
--
ALTER TABLE `basis_aturan`
  MODIFY `idaturan` int(255) NOT NULL AUTO_INCREMENT, AUTO_INCREMENT=47;

--
-- AUTO_INCREMENT for table `gejala`
--
ALTER TABLE `gejala`
  MODIFY `idgejala` int(255) NOT NULL AUTO_INCREMENT, AUTO_INCREMENT=77;

--
-- AUTO_INCREMENT for table `konsultasi`
--
ALTER TABLE `konsultasi`
  MODIFY `idkonsultasi` int(255) NOT NULL AUTO_INCREMENT, AUTO_INCREMENT=108;

--
-- AUTO_INCREMENT for table `penyakit`
--
ALTER TABLE `penyakit`
  MODIFY `idpenyakit` int(255) NOT NULL AUTO_INCREMENT, AUTO_INCREMENT=32;

--
-- AUTO_INCREMENT for table `users`
--
ALTER TABLE `users`
  MODIFY `idusers` int(11) NOT NULL AUTO_INCREMENT, AUTO_INCREMENT=68;
COMMIT;

/*!40101 SET CHARACTER_SET_CLIENT=@OLD_CHARACTER_SET_CLIENT */;
/*!40101 SET CHARACTER_SET_RESULTS=@OLD_CHARACTER_SET_RESULTS */;
/*!40101 SET COLLATION_CONNECTION=@OLD_COLLATION_CONNECTION */;
